{"cameraMode":{"drawMode":0,"name":"Shaded","section":"Shading Mode"},"sceneLighting":false,"audioPlay":false,"sceneViewState":{"showFog":true,"showMaterialUpdate":false,"showSkybox":false,"showFlares":true,"showImageEffects":true,"showParticleSystems":true},"in2DMode":false,"pivot":{"x":-3.725290298461914e-8,"y":0.16834795475006104,"z":0.32270365953445437},"rotation":{"x":0.18081066012382508,"y":-0.0017761166673153639,"z":0.0003221737570129335,"w":0.9835265874862671},"size":1.8919264078140259,"orthographic":false}