{"cameraMode":{"drawMode":0,"name":"Shaded","section":"Shading Mode"},"sceneLighting":false,"audioPlay":false,"sceneViewState":{"showFog":true,"showMaterialUpdate":false,"showSkybox":false,"showFlares":true,"showImageEffects":true,"showParticleSystems":true},"in2DMode":false,"pivot":{"x":-1.4548393487930298,"y":-0.9698557257652283,"z":0.0},"rotation":{"x":0.15091843903064729,"y":-0.008325880393385888,"z":0.0012343180133029819,"w":0.9885290861129761},"size":6.144040584564209,"orthographic":false}