{"cameraMode":{"drawMode":0,"name":"Shaded","section":"Shading Mode"},"sceneLighting":false,"audioPlay":false,"sceneViewState":{"showFog":true,"showMaterialUpdate":true,"showSkybox":true,"showFlares":true,"showImageEffects":true,"showParticleSystems":true},"in2DMode":false,"pivot":{"x":2.708650827407837,"y":-0.7503089308738709,"z":22.45040512084961},"rotation":{"x":0.08420614153146744,"y":0.009262056089937687,"z":-0.0007826691144146025,"w":0.996405303478241},"size":15.24687385559082,"orthographic":false}